urlid,label
5865,0.934270
782,0.137336
6962,0.465500
7640,0.084515
3589,0.581300
6719,0.297243
3905,0.306406
9841,0.966232
7447,0.191493
4776,0.299346
2879,0.680085
2620,0.396579
10479,0.093887
1105,0.197512
1849,0.368745
8286,0.645086
8344,0.944120
10486,0.965815
8661,0.974274
7188,0.184515
1433,0.975872
677,0.917696
469,0.909084
6988,0.100586
8024,0.055540
6896,0.333540
9154,0.279485
342,0.777700
50,0.169450
983,0.061912
6933,0.202880
8271,0.132595
5602,0.208403
4505,0.274571
4966,0.908968
2390,0.161601
6736,0.611706
4660,0.942475
7560,0.907080
3840,0.633631
5823,0.867849
5789,0.953591
1595,0.163157
6770,0.702207
3522,0.947141
5584,0.893461
8323,0.899036
3862,0.615276
373,0.287818
7345,0.239724
7708,0.945252
1398,0.902335
4298,0.169884
7467,0.131385
1878,0.890057
1832,0.216131
625,0.272389
7438,0.158517
9961,0.967951
7117,0.154419
8190,0.139886
1713,0.899846
949,0.095205
9246,0.096242
2326,0.193926
8942,0.109393
4458,0.697773
4659,0.421105
9522,0.195509
2497,0.919272
9836,0.267793
3808,0.957363
5575,0.929240
5714,0.313131
2490,0.869010
6812,0.395910
4335,0.117952
10014,0.959811
5889,0.846643
482,0.940069
8082,0.058468
5856,0.949216
8866,0.402502
2624,0.956519
1371,0.913839
4436,0.076457
2972,0.964592
3638,0.842284
6249,0.593019
7602,0.134937
9624,0.977774
7567,0.224315
6578,0.179290
7590,0.902931
8590,0.913529
10520,0.868251
1906,0.344265
1373,0.219872
1601,0.916956
4754,0.159565
8208,0.203561
1658,0.953984
1352,0.967679
8143,0.875497
7760,0.740449
7836,0.657274
9769,0.249363
503,0.826138
4909,0.125096
7162,0.135775
10035,0.688416
1992,0.577334
6133,0.239744
8519,0.199223
1879,0.413215
7107,0.386564
1225,0.575109
2451,0.805874
8252,0.081532
9214,0.717992
4850,0.939430
5891,0.078299
5274,0.388879
8623,0.068188
562,0.946123
860,0.381149
4199,0.936561
7616,0.138834
10544,0.374985
1567,0.949378
6552,0.118080
954,0.116161
111,0.211017
7036,0.796340
1995,0.959270
7095,0.237751
10180,0.481238
6872,0.918100
4805,0.939510
355,0.804921
8097,0.967914
9271,0.927314
431,0.398049
1646,0.675062
143,0.964296
3436,0.170939
150,0.607828
9745,0.125183
715,0.209623
578,0.180357
8684,0.921142
1186,0.906059
9115,0.437778
9239,0.086502
5461,0.899443
5424,0.729754
1349,0.963128
609,0.936216
7569,0.358157
1622,0.547456
6541,0.116046
9873,0.790663
305,0.098986
6041,0.438637
5360,0.454244
8445,0.916374
7260,0.256273
4526,0.959349
138,0.565697
168,0.159376
7888,0.899163
4639,0.895938
867,0.168031
9673,0.970269
710,0.262948
4749,0.179164
4716,0.084817
410,0.871150
2155,0.951388
3289,0.196129
7774,0.200756
1200,0.228076
9057,0.283216
2261,0.145382
9612,0.284983
4987,0.477976
3605,0.962252
5068,0.945819
4474,0.936790
5831,0.841165
4729,0.191961
10060,0.460440
6895,0.153667
3791,0.948599
7910,0.152141
4209,0.110085
4984,0.890060
1773,0.236232
2101,0.143908
7251,0.132982
2887,0.416165
875,0.603158
8185,0.180411
9688,0.974249
5342,0.170596
6802,0.588572
3077,0.268143
712,0.113764
3026,0.396579
2640,0.279347
4872,0.339836
3334,0.954267
2431,0.301756
9218,0.337138
7417,0.694134
3563,0.936939
1006,0.516213
8940,0.136784
7703,0.112191
2686,0.155704
8159,0.978612
37,0.269536
65,0.113152
1910,0.460798
2202,0.943099
9717,0.920761
2388,0.833552
2365,0.250771
5072,0.587876
4614,0.138275
6955,0.484000
4094,0.135952
3319,0.954375
1456,0.944731
5381,0.909402
4479,0.795110
4766,0.179436
6076,0.924846
8064,0.416471
3416,0.971535
4892,0.122225
9942,0.936844
9215,0.540801
4506,0.868988
9275,0.440697
1306,0.957012
6828,0.962373
8368,0.825680
7205,0.101232
360,0.942994
3386,0.213525
3835,0.551271
1305,0.143826
7963,0.110053
2073,0.395007
4230,0.452023
9012,0.093512
2723,0.936789
6788,0.958121
7945,0.170986
4868,0.958234
6597,0.458402
7323,0.089333
6229,0.269782
3427,0.661064
7727,0.157587
4707,0.966692
2547,0.851344
4523,0.959082
9648,0.169612
1084,0.124439
3327,0.966380
5591,0.090489
186,0.078656
2938,0.273346
9912,0.924487
6047,0.387190
2417,0.841730
10533,0.137715
1137,0.326466
1533,0.941845
9233,0.310943
43,0.095262
8986,0.158544
6000,0.946523
480,0.197696
2457,0.460668
5362,0.142236
7722,0.225053
7940,0.821021
6104,0.957147
8853,0.058126
5813,0.751054
4769,0.252483
2544,0.791390
6379,0.113582
5262,0.085927
9885,0.107225
10081,0.250652
1315,0.258007
3388,0.064827
3473,0.883500
2117,0.350999
9411,0.264885
9379,0.963985
4236,0.134786
2049,0.071343
4786,0.276496
1604,0.262314
7659,0.153626
8152,0.217673
5417,0.238387
160,0.239181
6826,0.948598
1815,0.458440
3647,0.801950
5605,0.152662
3526,0.956268
3854,0.951186
1053,0.114696
2411,0.219719
6015,0.328885
2089,0.972536
7745,0.933657
6816,0.640572
3934,0.263261
6547,0.098527
3758,0.946611
7158,0.723147
1584,0.209413
2982,0.931955
7679,0.929208
5286,0.975358
3776,0.823463
1235,0.375881
6294,0.740860
1012,0.777735
10318,0.074738
7134,0.306584
5180,0.789789
2108,0.272988
3639,0.436291
6729,0.169761
2472,0.194772
10235,0.420819
190,0.946287
4713,0.773487
6827,0.185724
6108,0.877899
1114,0.968702
4848,0.320175
606,0.257640
1573,0.858893
8546,0.254216
5193,0.187931
2936,0.128381
5104,0.748346
6712,0.692885
3055,0.196472
74,0.933457
7726,0.809095
9183,0.380600
162,0.131711
7288,0.296367
8657,0.901451
1295,0.128369
8207,0.751234
4433,0.942687
590,0.936262
10549,0.105353
7749,0.656823
405,0.950116
10267,0.956403
7133,0.254384
7584,0.683518
6616,0.872164
1719,0.366717
9761,0.900994
5859,0.209326
5662,0.091012
1736,0.293688
9333,0.516692
1102,0.128775
2790,0.532293
6598,0.933303
7995,0.958748
4452,0.932041
159,0.248072
511,0.810756
7006,0.929692
1123,0.783896
6073,0.198409
7094,0.089809
10008,0.246506
7573,0.069434
679,0.235574
6809,0.311886
1108,0.095822
380,0.108479
204,0.102287
7075,0.176087
2550,0.571253
9785,0.250164
5036,0.704708
3129,0.265279
6495,0.922510
880,0.193042
2360,0.186574
7839,0.215111
350,0.476224
9151,0.939400
6650,0.497270
7208,0.696418
5840,0.113217
5997,0.115639
2103,0.934396
713,0.737524
7771,0.327823
10255,0.219672
3944,0.979748
4250,0.175453
2833,0.104891
3052,0.354287
7855,0.977137
4152,0.260197
4445,0.933705
10036,0.860844
9727,0.303774
2234,0.186825
9632,0.943611
626,0.244432
1644,0.231700
4859,0.944952
3987,0.140272
5884,0.979338
4112,0.875637
10392,0.061613
2962,0.213268
21,0.263605
8524,0.946038
2543,0.207190
663,0.223522
2748,0.766101
3451,0.231254
964,0.923455
10560,0.677879
2428,0.207421
4520,0.209809
7660,0.901523
6583,0.701904
10390,0.230591
688,0.076079
7957,0.917220
3356,0.759036
1766,0.152773
9128,0.408572
2340,0.184792
9421,0.082458
7712,0.481922
8200,0.093308
8762,0.318542
6446,0.558896
5194,0.097295
960,0.431520
779,0.979754
3584,0.330617
3011,0.232269
2769,0.225376
1392,0.362961
7254,0.947654
9084,0.533117
9622,0.152842
3665,0.157449
1609,0.211884
6130,0.204272
10155,0.086399
7826,0.956950
8300,0.493194
5038,0.561146
7582,0.830751
9561,0.103667
7430,0.930885
5045,0.613038
10421,0.151657
5675,0.361892
4687,0.227802
4944,0.948711
5105,0.945057
148,0.296186
6371,0.082070
8108,0.278793
4354,0.262074
6077,0.883397
4292,0.396579
10068,0.453596
5821,0.206355
1042,0.875068
7715,0.163132
9703,0.150243
2761,0.259033
7002,0.143106
7313,0.635128
9050,0.155837
5518,0.152011
10556,0.930613
1078,0.171843
9699,0.424485
10445,0.938591
8748,0.876844
2960,0.198792
4317,0.132708
939,0.100006
8423,0.120569
5196,0.120229
8151,0.112465
7199,0.958050
1574,0.243689
8566,0.216564
7389,0.236335
1177,0.262043
10282,0.798771
10098,0.780236
4512,0.234615
4055,0.950744
8431,0.771085
4532,0.260933
10450,0.180113
5754,0.859326
1882,0.941906
1563,0.930277
4871,0.952791
8440,0.205553
3253,0.805579
8270,0.315499
4610,0.192423
9619,0.162613
8786,0.084011
2889,0.918299
9781,0.185291
5061,0.236492
7059,0.969612
2064,0.967119
1587,0.601896
1934,0.962783
5516,0.168342
9853,0.303558
7867,0.177742
1556,0.653859
5495,0.197656
4274,0.117097
8177,0.331628
9491,0.960670
9813,0.253246
2205,0.153249
2710,0.518067
2992,0.127798
7998,0.269414
6428,0.726560
6638,0.113621
3035,0.813676
1578,0.219143
1324,0.752668
2316,0.966000
9326,0.318580
7359,0.947451
7741,0.817823
5143,0.212678
8196,0.598331
630,0.237957
8481,0.941066
8497,0.240456
5409,0.918737
5749,0.255184
8219,0.755095
9571,0.890735
4886,0.942802
5367,0.204407
1185,0.242649
8291,0.241726
1590,0.349247
7698,0.317100
51,0.528031
8784,0.132509
3928,0.100672
5987,0.129223
7008,0.928174
7482,0.810213
9374,0.114042
1296,0.796130
10289,0.908911
2986,0.189078
4651,0.174975
8594,0.426082
7469,0.875308
2871,0.115502
1903,0.964966
8571,0.958810
4832,0.883761
1242,0.460013
7115,0.386126
3599,0.436540
2065,0.442538
4529,0.270304
763,0.564480
6698,0.975131
2002,0.975062
2020,0.831489
5229,0.270510
8243,0.188722
6936,0.925801
9360,0.962438
4360,0.205071
7951,0.186764
6701,0.433737
7574,0.975080
2426,0.130790
1681,0.946637
7135,0.155276
3688,0.252342
3872,0.299221
558,0.066611
2228,0.583523
8170,0.238625
7171,0.208229
7756,0.125454
3609,0.269313
3985,0.361997
1139,0.143050
3453,0.657655
7583,0.199377
9788,0.962090
10175,0.784973
6059,0.141064
104,0.140197
10168,0.165305
8902,0.960838
5343,0.962290
4239,0.107408
6767,0.385466
6269,0.273933
6682,0.118848
9558,0.312937
2416,0.262501
6592,0.274405
6196,0.202145
2751,0.964843
3412,0.935738
8302,0.951201
1120,0.740009
8005,0.094978
6637,0.207570
6440,0.224580
6679,0.948803
8039,0.958463
5357,0.945974
8844,0.939102
2964,0.126833
6040,0.123989
7259,0.871662
8974,0.683948
7439,0.118291
1045,0.113845
7706,0.149697
9724,0.152347
3698,0.139880
7339,0.955815
1749,0.117937
7257,0.135491
2963,0.948230
7775,0.416513
10501,0.136119
4258,0.958620
7908,0.978733
722,0.382574
6519,0.601548
6916,0.338458
4456,0.975449
2731,0.383463
917,0.908033
4107,0.395584
7894,0.567188
2540,0.067283
8455,0.953296
10406,0.967248
8909,0.114966
5489,0.165339
306,0.950065
3894,0.334309
2735,0.146165
4939,0.623255
1551,0.659699
777,0.720012
2160,0.945451
8599,0.949865
2727,0.114223
6362,0.230890
1417,0.944482
10343,0.057219
4866,0.966425
2682,0.471573
9856,0.058283
4498,0.177946
7450,0.105320
6899,0.164296
5649,0.928144
6086,0.172861
1618,0.128032
9926,0.135887
2847,0.305636
8099,0.859674
5724,0.447293
3358,0.155342
8136,0.203164
955,0.319124
8819,0.146967
5832,0.867772
10413,0.981480
6548,0.156426
8407,0.325848
10090,0.234838
8564,0.232363
808,0.893150
5303,0.098735
8913,0.927986
9425,0.935891
9543,0.968567
1219,0.647263
9575,0.942925
4019,0.690478
6223,0.956515
9588,0.111955
4739,0.340329
10492,0.762828
2017,0.288252
5524,0.948967
7449,0.956193
5734,0.140345
5456,0.210491
797,0.665467
5525,0.146493
8265,0.283079
1981,0.963819
8977,0.924417
6241,0.922845
6021,0.650792
7720,0.262986
8632,0.167831
6705,0.205354
2476,0.899661
3510,0.187573
8887,0.675894
10115,0.295929
9061,0.177652
5570,0.247842
2763,0.842477
1437,0.671852
3448,0.119216
3529,0.102696
3156,0.098965
4604,0.949703
6776,0.673881
10227,0.349854
1545,0.539264
10487,0.137761
993,0.317072
1161,0.970955
7975,0.917119
1591,0.134058
7804,0.952621
5048,0.212460
10454,0.952784
3567,0.243606
5886,0.656139
9937,0.279107
3931,0.597666
9706,0.939154
10193,0.693344
5569,0.956507
9747,0.375596
2217,0.950822
5936,0.135360
3885,0.852836
1086,0.209824
1799,0.570798
9763,0.677940
3299,0.152792
8268,0.942014
473,0.105581
337,0.905095
9381,0.828109
6426,0.287988
1210,0.287949
4986,0.884051
8285,0.364858
2024,0.811947
245,0.964090
4807,0.363246
2208,0.601559
9835,0.127589
8963,0.631998
9946,0.273800
5230,0.217605
2788,0.312593
674,0.625415
1629,0.888650
2300,0.266721
169,0.114447
3575,0.973539
6910,0.444601
1479,0.203622
10498,0.817482
8062,0.729311
9672,0.153810
9467,0.345167
6763,0.649681
8508,0.176124
1034,0.439944
3756,0.131835
9263,0.289990
8141,0.162034
532,0.980575
7022,0.140314
4024,0.195533
3298,0.254502
5641,0.111553
10455,0.234142
5206,0.971156
7005,0.133458
8971,0.181092
8358,0.849896
257,0.151368
78,0.936074
6333,0.436527
7969,0.096896
2505,0.550965
2004,0.876904
3748,0.498645
5668,0.553054
365,0.098169
9651,0.369509
2324,0.058076
3902,0.168263
9294,0.278997
5377,0.232447
2817,0.964664
7670,0.073424
4755,0.947546
255,0.954902
2714,0.637214
2922,0.216315
5517,0.757486
5157,0.914474
64,0.074866
5300,0.266819
451,0.150686
3941,0.881043
326,0.316053
3757,0.145579
8798,0.592836
2315,0.988848
6755,0.980163
2916,0.580623
7406,0.587760
3703,0.904583
5403,0.418091
622,0.212317
9,0.216484
5848,0.630939
8670,0.293443
1156,0.081661
10179,0.103398
2028,0.953331
3924,0.895962
620,0.135042
1963,0.717020
4537,0.307431
8970,0.273072
3024,0.966233
6140,0.938412
1866,0.151599
4442,0.966492
2312,0.327467
6749,0.432353
459,0.764967
1516,0.766804
8817,0.230999
4912,0.089098
2076,0.180685
10023,0.919563
7684,0.180904
3531,0.225000
6209,0.557782
10508,0.978111
8678,0.657181
3541,0.494867
1208,0.782386
4090,0.835191
1097,0.153819
5099,0.882701
2816,0.331771
4291,0.553612
1409,0.598268
6401,0.112364
4617,0.795328
6111,0.130089
6172,0.975105
10357,0.161457
8465,0.943403
3867,0.106253
9495,0.936184
4348,0.383239
7879,0.524976
9273,0.670548
3252,0.284926
9167,0.479681
2573,0.156942
7395,0.866480
9046,0.171019
1526,0.187127
9339,0.141365
10301,0.957642
7588,0.831920
1104,0.040038
1310,0.196279
6631,0.169334
10475,0.141761
9090,0.152479
1528,0.199675
1657,0.899262
1175,0.125716
1895,0.113250
3864,0.157924
4700,0.209108
3572,0.357924
10507,0.260718
269,0.371345
5744,0.708916
1687,0.144269
3020,0.375375
4974,0.958775
5119,0.712633
1916,0.909338
6687,0.974455
2197,0.721691
8641,0.117678
10073,0.939986
1967,0.183667
4999,0.342933
9816,0.204770
734,0.959620
9665,0.049212
5092,0.949139
2591,0.949232
9877,0.929378
4601,0.979465
7734,0.142011
7185,0.866636
6405,0.681997
7003,0.389731
928,0.171967
6490,0.483327
1586,0.134324
10139,0.929831
1192,0.497081
10526,0.109706
5544,0.950703
8779,0.252848
4497,0.463359
3059,0.947856
2181,0.191535
2303,0.303497
1190,0.802618
1468,0.070913
8771,0.277186
8997,0.886918
6365,0.605511
10355,0.215387
3478,0.241000
3764,0.185497
3542,0.166887
4941,0.239956
1840,0.849216
463,0.134178
7407,0.326699
7711,0.726946
6044,0.109924
3750,0.967856
10114,0.133695
1332,0.795140
425,0.965146
3479,0.931108
1979,0.910066
2994,0.743273
207,0.598433
5820,0.976348
9187,0.484133
5423,0.956841
2743,0.106094
2902,0.944215
9126,0.948180
7903,0.489252
4100,0.646732
3578,0.484128
6061,0.348017
5081,0.292786
4575,0.085958
6695,0.920951
5960,0.218065
10186,0.111584
6795,0.609333
10022,0.131948
5841,0.747826
7481,0.296335
9331,0.492611
400,0.938533
6907,0.239303
10393,0.914908
3709,0.952829
4726,0.931053
3007,0.126000
4723,0.215734
597,0.117847
1810,0.911738
4131,0.476367
4697,0.754866
8838,0.851198
5956,0.083675
4196,0.795220
63,0.940296
1714,0.138445
904,0.355945
9715,0.930465
4,0.264873
5462,0.691879
259,0.100250
5418,0.108717
6849,0.131219
9893,0.326141
10003,0.941642
4976,0.128111
7611,0.954905
900,0.117375
3746,0.632524
3893,0.209991
2966,0.056715
9667,0.925202
9734,0.267457
8123,0.473085
8470,0.961088
4058,0.212442
4623,0.938162
3782,0.109938
7966,0.638489
6003,0.565710
2168,0.752457
422,0.176475
6381,0.387739
1136,0.740117
3443,0.673434
2214,0.601695
9973,0.970391
1593,0.505209
5474,0.567993
812,0.971404
4703,0.097172
4294,0.945481
10021,0.086241
395,0.230462
3237,0.725663
9099,0.153301
2401,0.086646
10371,0.180967
3420,0.863578
3460,0.936405
9088,0.687298
5995,0.960958
3084,0.964831
3595,0.349857
9524,0.956806
167,0.253261
9743,0.918180
6109,0.298770
433,0.084141
6292,0.178274
8125,0.181951
4035,0.394886
2929,0.705570
8810,0.962233
4403,0.136678
3925,0.899097
1290,0.770691
3689,0.938368
6709,0.077295
8021,0.544946
6237,0.953420
1453,0.326375
7340,0.124639
6078,0.720296
2369,0.065178
1781,0.255390
3830,0.960369
7625,0.320133
8150,0.192661
1680,0.468845
7077,0.152591
3360,0.706657
7927,0.912363
244,0.163709
8107,0.848269
820,0.955548
5915,0.962438
924,0.248752
9207,0.828279
4077,0.938158
6052,0.730655
508,0.939781
8105,0.159074
4405,0.233503
7558,0.178613
6094,0.879705
484,0.941340
8927,0.212687
310,0.218215
8075,0.766121
1094,0.153395
3211,0.346932
1700,0.968770
4816,0.481283
9354,0.758147
8845,0.487947
7530,0.910746
1520,0.301213
1087,0.908945
5786,0.648692
6847,0.623585
999,0.482474
5308,0.601813
6569,0.946342
10200,0.103939
5868,0.881039
1757,0.253141
4625,0.949735
2955,0.874381
6187,0.916214
9931,0.855992
4883,0.558644
2488,0.895306
156,0.933089
2820,0.467344
1311,0.244966
1517,0.342001
3640,0.162055
5763,0.091023
6689,0.476961
1193,0.378009
8217,0.885500
10327,0.708312
5042,0.456839
6903,0.102395
2068,0.904921
7614,0.209260
8842,0.126474
2445,0.400998
10276,0.329261
4931,0.251181
6842,0.634586
5927,0.209178
6207,0.219532
4539,0.357713
8721,0.235851
3618,0.231518
2580,0.128722
5321,0.855725
3181,0.188767
4742,0.227057
3340,0.833479
8310,0.929782
3948,0.680927
2126,0.908817
10436,0.249291
9635,0.955620
9022,0.109044
8576,0.092485
2522,0.149752
7341,0.923531
7377,0.951384
7636,0.234797
2536,0.904216
2706,0.923639
4814,0.259242
6032,0.214561
2630,0.665309
1857,0.493998
5412,0.954472
1957,0.171546
9805,0.332761
9256,0.390788
1055,0.908627
8439,0.813088
317,0.457720
6126,0.100329
9970,0.406403
6008,0.282187
2811,0.219671
10214,0.154549
10337,0.122710
6563,0.218502
5611,0.967058
6358,0.203870
8446,0.259176
974,0.216760
4839,0.170791
4806,0.883685
4597,0.180830
4649,0.239047
7744,0.959434
5826,0.730336
6118,0.280375
6785,0.135616
301,0.937265
3192,0.948113
9854,0.754193
9227,0.957227
4768,0.146070
2961,0.196076
4564,0.107436
2484,0.234488
1606,0.168316
2864,0.060268
2884,0.258660
2753,0.151329
4366,0.558786
2470,0.306975
6369,0.185999
2754,0.150273
2501,0.145627
8890,0.102705
2093,0.931353
4937,0.453375
2850,0.232692
3706,0.092140
6645,0.944280
5799,0.783381
4229,0.898817
4900,0.154039
7883,0.191172
4629,0.963808
6459,0.693789
10381,0.960512
220,0.920179
761,0.392450
4264,0.961733
6633,0.721123
1424,0.967474
7017,0.203093
6901,0.280449
7126,0.187547
881,0.547467
6382,0.384183
7502,0.408849
1911,0.905183
3076,0.292773
9281,0.134343
1534,0.719545
8378,0.191252
4717,0.914619
7012,0.973913
9028,0.659663
5407,0.657591
274,0.691699
9465,0.778520
5164,0.166572
937,0.300459
5264,0.933042
8051,0.341557
10304,0.286233
2403,0.125246
1697,0.964748
8142,0.158172
3734,0.098410
8487,0.175883
5123,0.962052
8726,0.212072
2336,0.921132
7376,0.099902
2793,0.472528
1998,0.154084
319,0.936667
6783,0.101961
6911,0.892071
3078,0.956810
3310,0.951169
4790,0.895792
2712,0.487785
2968,0.957341
7777,0.663587
10442,0.273548
1654,0.523751
10438,0.423797
4509,0.274217
3963,0.143802
5043,0.120197
5421,0.975997
6465,0.133731
8034,0.913884
806,0.704449
1090,0.370355
1566,0.463924
10187,0.524825
2634,0.959982
569,0.917129
135,0.221345
3732,0.908895
6247,0.865207
10466,0.165514
8429,0.217773
6725,0.256327
6128,0.189762
8496,0.174848
2433,0.910836
5552,0.972268
7122,0.571989
376,0.099694
796,0.352367
6121,0.449227
8960,0.586363
5686,0.183652
2213,0.647580
6602,0.809048
3357,0.942530
1997,0.197852
691,0.356667
4370,0.899221
9660,0.976938
7189,0.094069
6660,0.199621
2074,0.952882
5375,0.951531
1816,0.079992
9802,0.951096
7654,0.964867
3784,0.861854
9604,0.952441
6397,0.510379
7125,0.882772
1460,0.600334
5718,0.405984
5452,0.926834
7064,0.844451
8272,0.948719
3620,0.970379
2772,0.478433
5150,0.158055
125,0.303977
1005,0.080749
616,0.697684
9056,0.138766
3972,0.152065
746,0.053167
10286,0.965824
723,0.641914
1283,0.605322
8009,0.846395
8509,0.288079
8220,0.659467
7393,0.970106
8499,0.190872
3789,0.104100
9658,0.549396
8171,0.258809
1985,0.503147
733,0.193910
6706,0.408293
6282,0.160297
7243,0.244946
3995,0.935023
4375,0.786294
1647,0.398984
9306,0.926565
9272,0.197063
9464,0.175718
5340,0.250965
5475,0.951786
4911,0.953656
9315,0.779460
811,0.227783
6395,0.537209
3229,0.159804
2250,0.689549
8433,0.805213
10428,0.261338
10461,0.334751
8408,0.914328
3945,0.859579
863,0.961873
4683,0.315871
1162,0.972427
9132,0.452410
1076,0.089710
7236,0.394603
3218,0.369001
6866,0.077293
4997,0.851371
9121,0.179274
8696,0.101161
3313,0.265881
1421,0.313814
80,0.250879
8163,0.268560
4583,0.966798
4053,0.153086
8693,0.149713
4139,0.216022
6976,0.381573
3549,0.628429
5534,0.108222
1638,0.914024
6375,0.911483
1008,0.850565
9120,0.932703
8071,0.643744
3266,0.959584
10482,0.976414
5288,0.106313
6302,0.448819
2183,0.156830
9199,0.202034
5441,0.081374
4418,0.211405
7287,0.702976
1532,0.918136
2978,0.468644
1230,0.358545
6423,0.928909
9643,0.186647
5142,0.101533
9368,0.829239
6132,0.892681
9031,0.481169
4767,0.959602
844,0.226883
10296,0.206573
9045,0.531899
10469,0.103136
9223,0.527713
9340,0.226502
1226,0.274069
686,0.682268
4037,0.971169
7620,0.303445
9322,0.825465
2943,0.206518
6549,0.356183
8124,0.133333
1803,0.925361
8025,0.120124
368,0.106131
3660,0.265653
4943,0.156320
9143,0.117579
958,0.865661
4272,0.360915
200,0.377310
7314,0.973739
7827,0.145181
252,0.555021
2242,0.931021
2804,0.139130
8802,0.119509
7645,0.936768
7228,0.949436
9200,0.065522
4738,0.930581
4513,0.946333
7999,0.187562
3938,0.121751
8127,0.935036
9265,0.195026
7353,0.914450
4772,0.537047
4461,0.148471
1335,0.261238
9018,0.888636
10460,0.983976
7956,0.143156
1238,0.230345
2552,0.920983
6517,0.750536
5925,0.892356
7413,0.172917
3728,0.150141
1103,0.954466
3704,0.800728
8413,0.902580
4533,0.836597
5449,0.866569
7306,0.261472
1401,0.967384
7365,0.819153
8363,0.196233
3656,0.943111
5683,0.777887
1940,0.316487
8674,0.140097
6745,0.137179
4431,0.978288
2263,0.959092
7506,0.917636
4059,0.941481
4588,0.289237
8692,0.944563
7258,0.901332
5448,0.961619
8865,0.236766
1119,0.321815
7642,0.919963
9981,0.914413
181,0.946875
7528,0.613742
9086,0.917111
4963,0.170825
5292,0.191901
1254,0.524420
2125,0.875508
5601,0.961293
2758,0.963548
1922,0.483244
5440,0.333134
3001,0.808678
4011,0.259190
8604,0.761011
2779,0.196596
1568,0.120643
10123,0.454523
9053,0.692287
8028,0.867535
82,0.488300
2845,0.931513
10221,0.707887
8598,0.903079
5011,0.969008
7401,0.182941
8687,0.473383
8767,0.952914
10046,0.095822
1920,0.278956
4364,0.912930
9395,0.417940
3602,0.270661
9038,0.199610
7786,0.231193
5106,0.903706
9337,0.103257
1575,0.146903
10291,0.617761
2965,0.957826
1478,0.168425
3625,0.108134
7329,0.955295
4116,0.626571
9136,0.163611
6870,0.979452
4073,0.809506
7863,0.286637
7437,0.153380
278,0.965949
1977,0.396579
8570,0.672492
6800,0.132153
8964,0.176207
7534,0.954542
6539,0.934228
645,0.701915
8223,0.161114
610,0.220257
1512,0.902538
8340,0.911770
4524,0.327319
7465,0.185359
6313,0.210246
1873,0.209904
1015,0.949611
444,0.158504
4967,0.819381
8988,0.886942
3199,0.779920
8020,0.938974
6103,0.143260
362,0.156009
7325,0.896384
5730,0.146768
10448,0.965484
1452,0.283759
6669,0.607291
7892,0.833934
7859,0.961583
5866,0.922862
2970,0.473800
9609,0.215752
893,0.598212
4176,0.623587
4280,0.176902
3970,0.164887
4516,0.073845
7503,0.487657
7955,0.945518
9852,0.746337
8380,0.907639
9284,0.933333
10386,0.136974
4004,0.659940
5328,0.163279
9274,0.896230
4646,0.507783
396,0.942006
5513,0.220723
4117,0.138532
3751,0.155682
9767,0.475827
1071,0.760716
7812,0.885687
5059,0.143734
2667,0.341825
9304,0.146375
10385,0.204751
7930,0.241711
5225,0.141395
9839,0.116599
2831,0.232984
2387,0.120974
3433,0.725938
5101,0.493344
6357,0.959475
5476,0.258564
3807,0.933171
10232,0.166865
1508,0.575601
6993,0.868497
5505,0.139358
6009,0.234409
5301,0.798502
6766,0.133861
2248,0.633940
8572,0.282611
852,0.256699
7871,0.962072
6926,0.748638
10220,0.967403
9007,0.966700
6990,0.955596
2012,0.696775
5645,0.299285
9091,0.943932
3797,0.303128
7201,0.187226
672,0.930144
1257,0.915015
2010,0.148768
8222,0.940413
9636,0.405136
2746,0.752206
2919,0.862291
5231,0.205064
5625,0.298571
10254,0.497240
2651,0.347390
1740,0.942698
3212,0.634582
10502,0.156073
7139,0.228552
7210,0.407436
10049,0.793407
1621,0.253948
2301,0.182365
5798,0.948483
3812,0.940298
6190,0.752359
5503,0.139852
9972,0.144867
5646,0.217701
2003,0.954820
1069,0.291527
9656,0.803014
279,0.901581
4328,0.806282
7105,0.258663
1643,0.211549
3108,0.245469
3106,0.216203
1626,0.131500
9838,0.181391
6994,0.398284
3463,0.074061
781,0.492490
4337,0.123900
1639,0.153874
416,0.132928
7687,0.806149
9610,0.104852
2519,0.303026
10210,0.245169
8633,0.970787
1276,0.943134
4764,0.571096
7674,0.185506
6550,0.903893
3853,0.542549
341,0.076915
6258,0.114011
1884,0.754775
2855,0.090627
2196,0.232291
5326,0.716595
6380,0.079022
5580,0.116417
4563,0.226541
10414,0.776399
3226,0.848598
3175,0.872930
9457,0.418503
1705,0.158389
5910,0.156923
375,0.327080
10333,0.113541
3852,0.384412
1971,0.213818
8720,0.602994
1860,0.402911
10349,0.971529
4605,0.143155
7358,0.908537
8258,0.401582
5678,0.152934
694,0.911891
8482,0.153385
1924,0.319868
3716,0.912249
3282,0.194569
5746,0.114568
1518,0.190619
8741,0.060740
7630,0.200959
8276,0.133805
6939,0.470366
1435,0.809144
8157,0.233056
1041,0.343905
4478,0.681307
8307,0.120638
2094,0.949768
5916,0.639324
9848,0.952830
4803,0.411464
2147,0.098312
295,0.939311
861,0.104837
3822,0.186802
5609,0.953966
9450,0.337053
4122,0.066299
10558,0.328176
4285,0.225042
6184,0.900423
7295,0.194199
1926,0.960457
5026,0.058212
7952,0.964973
4194,0.088582
639,0.793773
2130,0.120431
3119,0.216574
3251,0.198015
5803,0.129838
9553,0.334741
5937,0.964134
2133,0.331633
693,0.130578
5944,0.475785
2227,0.606139
9915,0.094310
4044,0.621024
6033,0.111926
3270,0.921891
7050,0.223844
6185,0.504478
7984,0.641327
2109,0.923818
2244,0.221957
2481,0.076392
4332,0.962300
6016,0.516962
10162,0.868262
2453,0.524103
6228,0.089355
6166,0.174631
1411,0.796425
254,0.497700
7479,0.140319
1476,0.195658
7801,0.820955
4988,0.205942
4694,0.242561
10194,0.382996
2574,0.940079
8334,0.073187
419,0.470928
8643,0.935265
2548,0.299165
4615,0.948094
8772,0.239469
10463,0.938197
6756,0.459888
1503,0.945020
4095,0.128914
1723,0.913536
8829,0.198576
10085,0.275123
4796,0.129050
9756,0.174741
2158,0.053614
7273,0.275820
3056,0.265375
656,0.588234
3074,0.089959
4661,0.844406
3958,0.601240
4311,0.108154
8375,0.983652
7442,0.389044
3839,0.604071
6179,0.154341
3786,0.422988
8520,0.955523
3664,0.082166
2014,0.928845
8298,0.192301
4220,0.187608
10127,0.967723
6182,0.561124
3206,0.868404
8503,0.962742
5682,0.830887
5699,0.118590
6215,0.917903
1394,0.083544
9582,0.714180
10070,0.976882
4940,0.957856
4193,0.157937
3400,0.774893
4785,0.134861
7460,0.914476
5838,0.262377
2503,0.582906
2730,0.916451
7156,0.268927
5511,0.943539
438,0.864313
2233,0.961089
2016,0.081439
139,0.548127
384,0.292677
2313,0.114729
5145,0.974687
7864,0.269902
1195,0.963745
5365,0.082665
6977,0.252351
10001,0.268453
567,0.262257
9950,0.847408
157,0.072887
6553,0.935407
7337,0.096245
349,0.223253
4874,0.600411
10313,0.853599
8421,0.230296
9469,0.124109
9314,0.958634
3663,0.103859
7216,0.071077
8871,0.183229
5743,0.956923
2072,0.663788
2654,0.101521
5908,0.232989
9863,0.077055
457,0.179421
6965,0.097933
3030,0.220965
7765,0.168781
748,0.102626
6304,0.179927
9606,0.250179
10351,0.139362
406,0.865268
8120,0.095426
8486,0.928137
6998,0.961942
77,0.952014
841,0.175355
7709,0.081635
7404,0.969798
5606,0.457749
965,0.898261
3163,0.259433
10192,0.317338
6163,0.138623
9865,0.120145
9518,0.154497
1267,0.099751
2051,0.972968
2046,0.185230
1464,0.961990
2153,0.096059
6612,0.388334
4971,0.619862
866,0.148179
4124,0.249837
5086,0.859624
4351,0.441129
8101,0.124942
7912,0.526347
2504,0.906472
2837,0.083167
2034,0.748828
4844,0.847900
7780,0.097593
5901,0.093976
3296,0.224276
7299,0.781821
8574,0.539213
7472,0.935556
2276,0.104889
5980,0.217237
3184,0.438553
4359,0.302787
1064,0.780229
9039,0.074040
6376,0.236104
1706,0.707062
7970,0.081433
3540,0.836091
1407,0.449459
4561,0.374609
6691,0.947979
7172,0.268547
1923,0.341177
4407,0.919195
6777,0.171906
2600,0.643009
1936,0.108985
9778,0.068873
2766,0.585931
6668,0.852250
9013,0.477614
4319,0.159786
3263,0.868653
1612,0.884680
5132,0.406560
216,0.980531
7232,0.343377
9373,0.140802
5030,0.661361
10107,0.801175
8309,0.880084
8449,0.838390
6961,0.114695
4954,0.198835
7344,0.780308
8146,0.952188
1132,0.832319
6145,0.933373
1353,0.682418
3624,0.940640
5058,0.916427
9789,0.543076
7290,0.209963
8583,0.471751
1088,0.925263
9210,0.746288
8240,0.214279
3326,0.162380
6315,0.905123
8410,0.819437
4535,0.101645
5991,0.514371
1874,0.391423
1898,0.118183
3557,0.944220
8587,0.943533
4190,0.130946
7261,0.809910
6854,0.338753
9375,0.695697
6317,0.925335
7713,0.906398
7058,0.952953
7628,0.496686
3513,0.325731
7953,0.968467
3445,0.140268
8461,0.497102
2834,0.230282
3414,0.734322
9262,0.941566
9235,0.149841
3146,0.364094
3379,0.149910
1701,0.310033
5527,0.203997
8031,0.666806
4032,0.786959
9782,0.793473
7656,0.840614
2985,0.945677
9334,0.590885
3343,0.425063
4760,0.264637
10311,0.856976
2609,0.711581
5117,0.170281
6724,0.960744
671,0.960329
798,0.181849
2341,0.248518
4262,0.868381
1950,0.946679
799,0.963714
2575,0.890828
660,0.962929
6432,0.753162
3168,0.954346
7435,0.966826
4010,0.968798
2882,0.820090
5930,0.930532
7716,0.122159
4054,0.303448
3148,0.142891
670,0.305575
3519,0.327763
5770,0.096929
8876,0.686909
8357,0.690556
1620,0.780386
8558,0.406520
6786,0.876858
3825,0.283639
5857,0.197284
7685,0.535038
3947,0.205344
6449,0.243792
8636,0.396579
6046,0.601510
3205,0.124945
9435,0.949862
6865,0.134146
281,0.967553
6922,0.117578
3536,0.168106
4555,0.218822
5364,0.509983
2483,0.940785
3524,0.771704
3117,0.479890
1152,0.217023
3912,0.206956
1297,0.885395
2896,0.110965
5804,0.941831
5722,0.725222
189,0.064765
2376,0.294730
4635,0.274992
4801,0.945909
5972,0.198350
2461,0.154537
1168,0.115680
5136,0.683751
7806,0.777484
2559,0.667286
2139,0.582880
10562,0.264173
1497,0.294872
4757,0.567524
1354,0.237087
5896,0.962376
6453,0.075941
1426,0.218552
4271,0.208957
7673,0.865248
7782,0.168292
8181,0.507651
1797,0.465834
8615,0.947381
3097,0.900141
5306,0.649350
9633,0.171361
8700,0.135477
9876,0.906184
8045,0.303577
7750,0.237167
6370,0.673994
7093,0.454687
8018,0.132825
1118,0.341845
4849,0.872943
9627,0.146099
829,0.223440
4164,0.238567
1707,0.952980
6752,0.095095
6236,0.305691
4052,0.099584
5283,0.184516
2856,0.886658
4630,0.407603
9563,0.964822
6576,0.906840
5721,0.247622
4305,0.901895
8972,0.185607
1694,0.934415
3582,0.951917
3913,0.194325
470,0.656670
4195,0.252073
3422,0.184094
9744,0.458211
4206,0.176013
7971,0.819093
141,0.279368
1994,0.960247
1602,0.927354
1031,0.172096
9150,0.337284
8528,0.117743
7545,0.129144
7448,0.144484
1821,0.261069
10075,0.259308
5242,0.156869
822,0.254546
4826,0.365147
910,0.325096
10147,0.800740
2018,0.945841
8916,0.205355
4880,0.643431
184,0.256219
6081,0.944806
4281,0.140027
7418,0.908791
6054,0.244266
7972,0.799669
4894,0.954441
5313,0.776237
5046,0.187805
7183,0.442472
5347,0.156272
5051,0.809314
495,0.689386
5985,0.919624
1227,0.892178
7594,0.677966
6178,0.135173
9344,0.679335
3681,0.929454
2805,0.919061
8237,0.271671
5139,0.676214
2347,0.142782
1978,0.108262
7824,0.670628
873,0.873927
2569,0.157502
4704,0.844682
6974,0.535116
4454,0.118316
35,0.353850
8231,0.092488
9280,0.174854
6567,0.206612
2088,0.948646
925,0.965939
9958,0.113392
5234,0.191358
7623,0.604299
6074,0.382181
8115,0.252729
10462,0.785410
5008,0.468044
1256,0.150257
5001,0.261896
6885,0.133945
7509,0.706961
6251,0.908105
7250,0.878461
9502,0.540035
267,0.182361
4109,0.724705
819,0.088306
9397,0.714249
3707,0.401826
870,0.921168
10203,0.396579
9241,0.837514
5215,0.368636
982,0.833519
3878,0.104669
1847,0.217803
10457,0.963867
7811,0.260065
6205,0.125173
8311,0.269297
7657,0.136785
8174,0.527908
2119,0.215210
7893,0.770881
7754,0.720313
3684,0.586542
3585,0.210737
300,0.125539
9176,0.949867
5879,0.960442
1457,0.929860
5040,0.482581
1862,0.393841
9749,0.963804
161,0.933290
6134,0.918285
4995,0.116742
54,0.102817
5125,0.231279
2032,0.296337
8210,0.125287
3816,0.100208
1769,0.877032
6156,0.515675
8667,0.932407
2974,0.388874
3417,0.106036
2835,0.528881
1668,0.946441
10028,0.134140
5619,0.245686
3169,0.786601
9153,0.215015
8746,0.869052
8049,0.610084
10564,0.591638
8691,0.243440
2765,0.961316
52,0.449903
2663,0.331166
3014,0.767224
9453,0.943307
8078,0.236067
2356,0.228880
7595,0.841421
2195,0.784188
7633,0.929206
1259,0.109931
5214,0.172529
531,0.320697
2398,0.414625
5458,0.962088
2794,0.434718
153,0.170596
256,0.762465
8787,0.489571
4496,0.861628
9649,0.162162
461,0.082571
502,0.270705
529,0.087251
5529,0.373439
9391,0.977354
1032,0.785948
9896,0.170670
5557,0.729071
1836,0.122098
3476,0.240154
7104,0.164692
5480,0.345346
1717,0.358787
1333,0.961531
1806,0.236609
8297,0.282836
2806,0.100878
3407,0.336214
10518,0.183590
6043,0.254606
8857,0.863836
8456,0.336835
427,0.153508
4028,0.552277
1988,0.140170
7354,0.127089
2393,0.338181
452,0.603774
5445,0.695275
7637,0.961263
5486,0.573774
4175,0.297037
6068,0.073918
8968,0.355960
9384,0.774397
7470,0.601083
9319,0.918720
5817,0.954991
10294,0.962026
1313,0.252317
10181,0.215110
5269,0.143484
127,0.114715
989,0.926384
10234,0.348913
4799,0.927560
3834,0.166531
9206,0.112508
4753,0.110792
4437,0.222278
3520,0.957870
10124,0.116019
1318,0.295548
2055,0.550375
690,0.958994
1294,0.187066
6522,0.959568
4453,0.192228
624,0.100016
2863,0.933277
4922,0.313409
4120,0.144912
8164,0.256457
2317,0.152178
6058,0.074746
1428,0.627261
3577,0.682095
5811,0.674905
1430,0.697386
4488,0.229708
9634,0.970102
4482,0.934685
4580,0.948419
2571,0.097307
10499,0.951939
3932,0.172086
377,0.837349
5851,0.156803
6384,0.932581
6470,0.104225
8505,0.194912
4268,0.590016
10397,0.197567
4309,0.076276
1949,0.755582
2097,0.289956
9709,0.345256
4936,0.473354
4033,0.149272
3828,0.554399
8862,0.086766
374,0.485427
401,0.950283
10015,0.912967
7613,0.122540
4397,0.898142
2329,0.856492
4733,0.952460
1552,0.399497
2486,0.914985
940,0.166366
7118,0.950851
8060,0.909376
1550,0.177575
6202,0.123091
8980,0.915302
8162,0.955285
10066,0.054066
7981,0.522847
7336,0.970091
6277,0.472447
1670,0.826645
6007,0.389292
7832,0.709524
2612,0.121317
8320,0.969827
1779,0.962081
6107,0.075904
2537,0.959086
2726,0.898021
8717,0.392541
2201,0.333410
6276,0.327735
3293,0.119656
7907,0.887045
7321,0.137087
840,0.319598
1081,0.156280
8289,0.889210
343,0.232845
8184,0.102673
7166,0.917443
8805,0.977629
9407,0.255044
5573,0.189091
9330,0.921067
2215,0.908113
4105,0.094665
7699,0.082189
5850,0.251829
10228,0.943763
638,0.648606
5633,0.236758
5919,0.233648
4573,0.276456
7164,0.498878
5093,0.897270
9815,0.741310
8411,0.935972
8955,0.973904
9556,0.374497
7349,0.294175
8436,0.974764
2631,0.979410
2739,0.964522
3930,0.545697
6833,0.480853
9186,0.974262
3150,0.168564
8328,0.817844
4006,0.885244
3065,0.136842
3305,0.076205
2506,0.077113
9737,0.918212
5178,0.080937
9452,0.383081
10111,0.691194
1652,0.227475
10134,0.772790
7247,0.150338
4363,0.965621
1712,0.953647
4232,0.157543
5626,0.125398
3049,0.879207
5397,0.162492
8637,0.128757
8785,0.290606
4438,0.942596
1410,0.158929
6902,0.336000
187,0.133641
3883,0.554046
3988,0.947000
5620,0.180334
2904,0.179302
3926,0.146248
9020,0.213962
2947,0.518495
2364,0.945575
5291,0.948624
7078,0.180989
4477,0.083650
4333,0.908621
9247,0.319319
6957,0.115208
7281,0.300336
4012,0.654709
975,0.963563
8037,0.828055
10408,0.956417
2900,0.680495
6457,0.889039
9292,0.620468
2115,0.247167
9001,0.890158
8981,0.166009
6085,0.311545
49,0.159863
210,0.111681
1607,0.275989
5256,0.231508
3170,0.964408
147,0.855298
7627,0.921222
83,0.186802
3686,0.122052
5133,0.789163
935,0.107612
2875,0.333768
7277,0.184756
55,0.951947
1253,0.391448
3406,0.804779
2474,0.937710
8451,0.107957
7301,0.922730
8466,0.176285
7499,0.927155
4926,0.948057
9033,0.292749
3999,0.136550
1017,0.162494
947,0.841931
7798,0.309429
6280,0.136622
6393,0.241165
8056,0.086310
9003,0.171866
4481,0.158333
5134,0.275075
4804,0.421304
34,0.334577
5659,0.960037
4519,0.149437
6272,0.915384
765,0.224487
3752,0.525912
1753,0.266701
2123,0.082348
1802,0.206363
7678,0.637231
4547,0.159776
3793,0.289289
7453,0.220864
5330,0.295474
4093,0.706255
2362,0.384857
7116,0.140721
3135,0.750598
10536,0.088318
8484,0.156032
9002,0.273037
10204,0.235632
7570,0.187350
1275,0.972987
3630,0.235317
9096,0.203271
3475,0.094443
4818,0.639810
2019,0.223490
10402,0.100574
643,0.587166
9927,0.083941
2827,0.084847
288,0.271492
7886,0.822522
6584,0.933432
5554,0.936907
6329,0.248983
1233,0.416519
2541,0.171403
1150,0.312317
8459,0.916062
1814,0.118600
5564,0.380797
4306,0.852288
2144,0.210448
9792,0.091463
4634,0.172510
10084,0.151549
9847,0.095342
8510,0.421844
8921,0.528421
2509,0.925956
2111,0.700618
7505,0.517493
556,0.132577
9596,0.958043
1863,0.119011
8172,0.132261
8404,0.971411
3607,0.440958
7802,0.366456
3503,0.221205
5624,0.247150
331,0.937995
542,0.977005
9705,0.167637
3592,0.360076
5018,0.343325
5800,0.971919
8651,0.160287
7600,0.284081
9509,0.037888
5431,0.434338
7454,0.109081
8106,0.113666
3137,0.860508
702,0.575666
6287,0.564977
5657,0.259389
8027,0.273990
5350,0.098242
30,0.751989
2677,0.551111
3898,0.348802
9451,0.967969
9949,0.619322
8074,0.190424
6618,0.886453
8351,0.129223
7861,0.875842
8914,0.689471
9820,0.508349
9148,0.875459
1334,0.108330
1684,0.437444
6414,0.141832
6967,0.417166
1726,0.545070
9178,0.178082
6642,0.102679
1024,0.897448
6437,0.218752
7042,0.915808
5319,0.180424
4594,0.408250
3702,0.790482
4882,0.864143
4243,0.489518
4750,0.095142
5735,0.806259
1432,0.319971
7576,0.962128
7455,0.680630
5563,0.146159
2291,0.960427
5386,0.167798
8490,0.159046
2357,0.233911
5473,0.924315
7091,0.931724
2464,0.142755
2801,0.917317
6604,0.650677
2122,0.862798
4320,0.928104
1841,0.878785
8129,0.168718
3149,0.236556
10525,0.972088
1869,0.137749
8664,0.100222
1941,0.307776
5216,0.604026
7993,0.107591
7327,0.133936
4076,0.174289
6544,0.361899
3300,0.223951
9139,0.701415
6761,0.952502
2220,0.147679
5661,0.188596
1676,0.142482
1572,0.875257
9545,0.240320
212,0.830988
2498,0.109465
5758,0.380036
241,0.954362
7872,0.654997
10546,0.162824
9615,0.692646
882,0.186376
5753,0.163032
547,0.231175
10275,0.125065
7686,0.944899
6508,0.940522
4296,0.908342
6625,0.852387
404,0.076607
1289,0.324188
5239,0.421678
10261,0.783140
2649,0.070746
9886,0.944595
5341,0.176250
869,0.765975
5533,0.897427
1560,0.960497
9892,0.390687
1933,0.157903
5885,0.078627
7833,0.129327
7296,0.058410
7373,0.790306
8983,0.204231
5842,0.473671
2194,0.215351
132,0.468624
2659,0.679360
7896,0.298172
7887,0.711765
5745,0.960112
2409,0.902635
2253,0.920265
1434,0.751405
6946,0.098023
6510,0.689657
6982,0.241277
8999,0.231362
5170,0.245437
10158,0.094688
234,0.407014
9034,0.800990
3801,0.951435
3887,0.870931
10361,0.732366
5385,0.971391
6575,0.935409
3560,0.087498
2112,0.636755
4307,0.689410
8704,0.889366
10476,0.829918
4637,0.273427
2953,0.970119
1320,0.968517
3264,0.441165
7904,0.977769
9144,0.964329
4494,0.928543
4819,0.876982
3781,0.278008
3459,0.355595
5681,0.510954
6507,0.539672
3722,0.922449
398,0.145169
9377,0.677336
978,0.798229
3104,0.980123
2693,0.263197
3803,0.812161
9533,0.930552
1173,0.684758
10307,0.847582
10326,0.246910
5113,0.253923
1116,0.715498
10452,0.930100
8013,0.236946
6491,0.085956
9906,0.938021
7531,0.707163
102,0.182369
5233,0.960196
1661,0.954651
8280,0.249582
1000,0.923371
3743,0.933930
1501,0.965807
3809,0.376897
8647,0.942651
1959,0.223086
1690,0.164573
5498,0.683658
837,0.185996
8788,0.942515
4114,0.811640
1413,0.705822
6836,0.953247
4240,0.255007
1908,0.957712
5750,0.270465
10087,0.132757
2680,0.653527
4323,0.733281
4439,0.952609
8517,0.301376
933,0.849823
33,0.933938
4295,0.234015
3258,0.515576
7497,0.181262
9276,0.194617
9811,0.372629
3833,0.444178
7682,0.193903
1748,0.145785
3693,0.248043
3608,0.552940
10230,0.218681
5468,0.137278
10464,0.974053
6932,0.270839
3616,0.574146
9603,0.951217
10394,0.801994
5509,0.856656
3731,0.962201
5827,0.157821
10527,0.971124
7004,0.947922
3210,0.753298
59,0.962386
2660,0.970219
1909,0.405294
8569,0.966835
2862,0.124483
5966,0.374845
2639,0.102014
6838,0.914611
9527,0.161794
5345,0.941349
7702,0.809754
3242,0.168730
6516,0.254677
10412,0.282669
8213,0.224699
2598,0.973131
6193,0.153773
9593,0.942265
6646,0.955377
5388,0.556773
6413,0.756240
1540,0.278532
8660,0.210016
2999,0.280108
3194,0.215731
9437,0.914336
9473,0.284252
877,0.203081
9640,0.255007
4434,0.321181
8385,0.555130
2542,0.134787
3281,0.326729
7820,0.341482
1418,0.962009
6079,0.614741
3685,0.158966
9361,0.093824
3364,0.838301
7495,0.479802
8226,0.806453
8043,0.356494
9924,0.118755
6018,0.263278
3,0.669350
4592,0.228154
10125,0.608859
8900,0.477777
7028,0.945525
3419,0.437151
5514,0.428364
2770,0.268742
5007,0.894972
1931,0.255039
9768,0.306412
3337,0.268017
703,0.240169
6685,0.190876
6064,0.119785
1881,0.131583
4842,0.445806
8432,0.278488
3569,0.252511
9797,0.232871
2829,0.104534
3739,0.250428
2128,0.671271
2372,0.458333
3354,0.206463
3321,0.938064
8532,0.960794
1800,0.736840
2560,0.116123
3936,0.907126
2588,0.531049
4890,0.979230
8912,0.953967
6192,0.108327
8658,0.077581
5272,0.454849
10404,0.879712
2299,0.204133
9419,0.159455
3018,0.449324
8642,0.861591
6594,0.234324
8852,0.165463
9212,0.247158
7081,0.941949
8469,0.140591
1372,0.137132
2514,0.101102
2311,0.141221
5548,0.159630
9024,0.360857
10324,0.065042
7735,0.076177
1488,0.946131
9130,0.957125
2307,0.968352
2374,0.235545
10519,0.909042
10264,0.890003
9908,0.233136
1073,0.490242
118,0.921045
8884,0.155484
242,0.077205
6300,0.489970
5422,0.490323
899,0.594962
773,0.143165
70,0.967550
9249,0.197311
8847,0.468332
432,0.112757
468,0.965917
7830,0.764828
4642,0.704408
1782,0.950789
8683,0.530968
8551,0.199850
5224,0.221771
922,0.451049
757,0.966989
1101,0.125892
6804,0.108552
9266,0.957443
6487,0.333011
5627,0.171728
4972,0.836121
3596,0.928874
1420,0.619945
10209,0.651185
8629,0.885077
3147,0.926274
9821,0.950645
10377,0.273179
456,0.165073
9887,0.540971
8864,0.459683
5665,0.221537
1764,0.105627
9198,0.962697
7536,0.620505
991,0.958782
1537,0.489396
3450,0.935867
5663,0.921181
4221,0.557504
3350,0.180791
943,0.091571
3203,0.540596
1144,0.273075
2334,0.978937
7074,0.956221
10071,0.712250
7540,0.891421
4143,0.200614
6643,0.398270
1067,0.068684
6356,0.896917
8133,0.147915
108,0.209250
308,0.435525
7432,0.448266
2652,0.817578
4740,0.965631
7048,0.131968
490,0.112650
6808,0.298732
7990,0.209664
4460,0.061425
6803,0.941661
2414,0.308058
8085,0.224641
2031,0.949778
8476,0.867784
9840,0.957041
2853,0.265049
8114,0.576765
6245,0.949556
8918,0.277450
2621,0.486467
5344,0.583037
3775,0.054037
631,0.275918
10481,0.156133
8188,0.968257
9830,0.926872
5426,0.438701
6688,0.610431
4132,0.842358
588,0.719611
5600,0.297258
4743,0.498206
8711,0.099633
6039,0.177595
4576,0.761555
6941,0.144127
10202,0.435826
6632,0.616611
1079,0.295050
9642,0.481323
5401,0.243522
600,0.094120
4873,0.467388
5558,0.115921
483,0.117114
10378,0.957161
9004,0.074765
2809,0.960424
9542,0.955644
3215,0.133725
6924,0.181370
7213,0.910287
3105,0.951606
9771,0.910724
632,0.906802
3232,0.669655
1543,0.388416
2164,0.919780
4559,0.099957
9530,0.247116
2033,0.426615
2842,0.200348
4186,0.095195
4078,0.187049
8093,0.915211
7286,0.739859
7044,0.918660
9234,0.577417
8536,0.204718
307,0.908091
4382,0.937438
1350,0.100947
4632,0.821456
5639,0.382709
6445,0.372517
10511,0.128090
8601,0.127596
137,0.539582
2298,0.902518
8978,0.141711
7218,0.108430
856,0.422315
736,0.304619
7719,0.068545
3177,0.522185
2564,0.904514
3123,0.834758
4827,0.637230
6386,0.081476
708,0.859232
1414,0.974897
7190,0.713217
10298,0.430820
838,0.783087
10145,0.955940
3071,0.902021
5329,0.146012
462,0.576958
9809,0.159049
7279,0.947521
2707,0.140641
3671,0.905388
516,0.966982
10395,0.175226
8167,0.370919
2138,0.466792
5192,0.064330
1377,0.136981
1390,0.193715
1244,0.122412
8424,0.184326
205,0.121711
9592,0.716227
116,0.459565
8306,0.223679
7649,0.966835
9560,0.841516
2102,0.123288
10490,0.370153
97,0.614179
7618,0.317811
9413,0.146893
6148,0.880799
7147,0.939544
2430,0.956688
7539,0.960109
7475,0.882228
7796,0.899256
1582,0.632572
8454,0.157403
3164,0.149191
2375,0.925406
980,0.253013
10233,0.130212
2271,0.467488
7843,0.136992
6165,0.849245
3449,0.835468
8757,0.730847
9757,0.961046
6925,0.778177
6191,0.551356
6985,0.234397
9064,0.140706
2691,0.965327
657,0.191090
858,0.149406
6677,0.947513
642,0.357729
2627,0.186599
1569,0.908022
3674,0.165790
10095,0.268608
7423,0.333740
4993,0.157883
4983,0.190909
7070,0.943767
700,0.923909
2447,0.217566
2380,0.921847
8418,0.685488
1288,0.175765
9400,0.055189
8530,0.090090
784,0.143445
2969,0.377180
892,0.959642
5679,0.230041
4650,0.201760
994,0.945414
9751,0.863605
9462,0.105017
4958,0.938505
506,0.803317
4631,0.233687
4321,0.148169
5617,0.628515
7571,0.954267
6873,0.272334
7964,0.163430
4567,0.453949
7429,0.959267
3615,0.210532
8744,0.061373
1142,0.113310
6189,0.177450
3411,0.392189
9133,0.177607
5806,0.357274
2385,0.233781
801,0.845621
4672,0.198583
6530,0.599146
260,0.226540
6624,0.751661
2001,0.659791
8403,0.880846
4935,0.286068
7264,0.863312
9714,0.950929
5903,0.880066
3176,0.807060
7441,0.923325